date_time	B.1	B.1.1	B.1.1.7	B.1.153	B.1.351	B.1.393	B.1.617.1	B.1.617.2	B.1.617.3	Other	source
"2020-03-15T00:00:00.000Z"	0.1181818181818182	0.045454545454545456	0	0	0	0	0	0	0	0.8363636363636364	
"2020-03-16T00:00:00.000Z"	0.12280701754385966	0.05263157894736842	0	0	0	0	0	0	0	0.824561403508772	
"2020-03-17T00:00:00.000Z"	0.14678899082568805	0.055045871559633024	0	0	0	0	0	0	0	0.7981651376146789	
"2020-03-18T00:00:00.000Z"	0.14655172413793102	0.051724137931034475	0	0	0	0	0	0	0	0.8017241379310345	
"2020-03-19T00:00:00.000Z"	0.14912280701754385	0.07017543859649122	0	0	0	0	0	0	0	0.7807017543859649	
"2020-03-20T00:00:00.000Z"	0.13392857142857142	0.08035714285714286	0	0	0	0	0	0	0	0.7857142857142857	
"2020-03-21T00:00:00.000Z"	0.13043478260869565	0.09565217391304348	0	0	0	0	0	0	0	0.7739130434782608	
"2020-03-22T00:00:00.000Z"	0.20588235294117646	0.20588235294117646	0	0	0	0	0	0	0	0.588235294117647	
"2020-03-23T00:00:00.000Z"	0.28125000000000006	0.1875	0	0	0	0	0	0	0	0.53125	
"2020-03-24T00:00:00.000Z"	0.25925925925925924	0.2222222222222222	0	0	0	0	0	0	0	0.5185185185185185	
"2020-03-25T00:00:00.000Z"	0.2173913043478261	0.2608695652173913	0	0	0	0	0	0	0	0.5217391304347826	
"2020-03-26T00:00:00.000Z"	0.17857142857142858	0.17857142857142858	0	0	0	0	0	0	0	0.6428571428571429	
"2020-03-27T00:00:00.000Z"	0.20689655172413796	0.13793103448275862	0	0	0	0	0	0	0	0.6551724137931035	
"2020-03-28T00:00:00.000Z"	0.1891891891891892	0.08108108108108107	0	0	0	0	0	0	0	0.7297297297297297	
"2020-03-29T00:00:00.000Z"	0.12280701754385966	0.05263157894736842	0	0	0	0	0	0	0	0.824561403508772	
"2020-03-29T23:00:00.000Z"	0.08823529411764705	0.0588235294117647	0	0	0	0	0	0	0	0.8529411764705882	
"2020-03-30T23:00:00.000Z"	0.08602150537634408	0.06451612903225806	0	0	0	0	0	0	0	0.8494623655913979	
"2020-03-31T23:00:00.000Z"	0.07692307692307693	0.042735042735042736	0	0	0	0	0	0	0	0.8803418803418802	
"2020-04-01T23:00:00.000Z"	0.09848484848484851	0.030303030303030307	0	0	0	0	0	0	0	0.8712121212121213	
"2020-04-02T23:00:00.000Z"	0.09420289855072464	0.02898550724637681	0	0	0	0	0	0	0	0.8768115942028984	
"2020-04-03T23:00:00.000Z"	0.14893617021276595	0.02127659574468085	0	0	0	0	0	0	0	0.8297872340425533	
"2020-04-04T23:00:00.000Z"	0.1619718309859155	0.035211267605633804	0	0	0	0	0	0	0	0.8028169014084507	
"2020-04-05T23:00:00.000Z"	0.15972222222222224	0.04861111111111112	0	0	0	0	0	0	0	0.7916666666666667	
"2020-04-06T23:00:00.000Z"	0.1879699248120301	0.045112781954887216	0	0	0	0	0	0	0	0.7669172932330827	
"2020-04-07T23:00:00.000Z"	0.23423423423423423	0.06306306306306306	0	0	0	0	0	0	0	0.7027027027027026	
"2020-04-08T23:00:00.000Z"	0.21782178217821782	0.08910891089108912	0	0	0	0	0	0	0	0.693069306930693	
"2020-04-09T23:00:00.000Z"	0.21000000000000002	0.09000000000000001	0	0	0	0	0	0	0	0.7000000000000001	
"2020-04-10T23:00:00.000Z"	0.15217391304347827	0.09782608695652174	0	0	0	0	0	0	0	0.7500000000000001	
"2020-04-11T23:00:00.000Z"	0.16455696202531644	0.08860759493670886	0	0	0	0	0	0	0	0.7468354430379747	
"2020-04-12T23:00:00.000Z"	0.2222222222222222	0.06172839506172839	0	0	0	0	0	0	0	0.7160493827160493	
"2020-04-13T23:00:00.000Z"	0.2142857142857143	0.047619047619047616	0	0	0	0	0	0	0	0.7380952380952381	
"2020-04-14T23:00:00.000Z"	0.16778523489932887	0.10067114093959732	0	0	0	0	0	0	0	0.7315436241610739	
"2020-04-15T23:00:00.000Z"	0.17391304347826086	0.08074534161490683	0	0	0	0	0	0	0	0.7453416149068323	
"2020-04-16T23:00:00.000Z"	0.17721518987341772	0.08860759493670886	0	0	0	0	0	0	0	0.7341772151898734	
"2020-04-17T23:00:00.000Z"	0.16352201257861634	0.0880503144654088	0	0	0	0	0	0	0	0.7484276729559748	
"2020-04-18T23:00:00.000Z"	0.18404907975460122	0.08588957055214724	0	0	0	0	0	0	0	0.7300613496932515	
"2020-04-19T23:00:00.000Z"	0.19428571428571428	0.08	0	0	0	0	0	0	0	0.7257142857142856	
"2020-04-20T23:00:00.000Z"	0.1941176470588235	0.08235294117647057	0	0	0	0	0	0	0	0.7235294117647059	
"2020-04-21T23:00:00.000Z"	0.22857142857142856	0.019047619047619046	0	0	0	0	0	0	0	0.7523809523809525	
"2020-04-22T23:00:00.000Z"	0.22340425531914895	0.021276595744680854	0	0	0	0	0	0	0	0.7553191489361702	
"2020-04-23T23:00:00.000Z"	0.2626262626262626	0.0101010101010101	0	0	0	0	0	0	0	0.7272727272727273	
"2020-04-24T23:00:00.000Z"	0.2980769230769231	0.009615384615384614	0	0	0	0	0	0	0	0.6923076923076923	
"2020-04-25T23:00:00.000Z"	0.3097345132743363	0.02654867256637168	0	0	0	0	0	0	0	0.663716814159292	
"2020-04-26T23:00:00.000Z"	0.22608695652173916	0.034782608695652174	0	0	0	0	0	0	0	0.7391304347826088	
"2020-04-27T23:00:00.000Z"	0.2542372881355932	0.0423728813559322	0	0	0	0	0	0	0	0.7033898305084746	
"2020-04-28T23:00:00.000Z"	0.28947368421052627	0.05263157894736842	0	0	0	0	0	0	0	0.6578947368421053	
"2020-04-29T23:00:00.000Z"	0.3246753246753247	0.051948051948051945	0	0	0	0	0	0	0	0.6233766233766234	
"2020-04-30T23:00:00.000Z"	0.3089005235602095	0.05759162303664921	0	0.03664921465968587	0	0	0	0	0	0.5968586387434555	
"2020-05-01T23:00:00.000Z"	0.32167832167832167	0.05594405594405594	0	0.016317016317016316	0	0	0	0	0	0.6060606060606061	
"2020-05-02T23:00:00.000Z"	0.339699863574352	0.04502046384720327	0	0.009549795361527967	0	0	0	0	0	0.6057298772169167	
"2020-05-03T23:00:00.000Z"	0.36767676767676766	0.03636363636363636	0	0.01414141414141414	0	0	0	0	0	0.5818181818181818	
"2020-05-04T23:00:00.000Z"	0.3632148377125193	0.04250386398763523	0	0.010819165378670788	0	0	0	0	0	0.5834621329211747	
"2020-05-05T23:00:00.000Z"	0.33555259653794944	0.03994673768308922	0	0.009320905459387484	0	0	0	0	0	0.615179760319574	
"2020-05-06T23:00:00.000Z"	0.30597014925373134	0.0373134328358209	0	0.011194029850746268	0	0	0	0	0	0.6455223880597015	
"2020-05-07T23:00:00.000Z"	0.28688524590163933	0.036885245901639344	0	0.008196721311475409	0	0	0	0	0	0.6680327868852458	
"2020-05-08T23:00:00.000Z"	0.24892703862660948	0.03862660944206009	0	0.008583690987124463	0	0	0	0	0	0.703862660944206	
"2020-05-09T23:00:00.000Z"	0.17924528301886794	0.03773584905660377	0	0.009433962264150943	0	0	0	0	0	0.7735849056603773	
"2020-05-10T23:00:00.000Z"	0.14150943396226415	0.04716981132075472	0	0.0047169811320754715	0	0	0	0	0	0.8066037735849056	
"2020-05-11T23:00:00.000Z"	0.09777777777777777	0.03555555555555555	0	0.008888888888888887	0	0	0	0	0	0.8577777777777778	
"2020-05-12T23:00:00.000Z"	0.08547008547008547	0.029914529914529912	0	0.012820512820512818	0	0	0	0	0	0.8717948717948717	
"2020-05-13T23:00:00.000Z"	0.12236286919831223	0.04219409282700422	0	0.008438818565400843	0	0	0	0	0	0.8270042194092826	
"2020-05-14T23:00:00.000Z"	0.16666666666666666	0.058333333333333334	0	0.005555555555555555	0	0	0	0	0	0.7694444444444444	
"2020-05-15T23:00:00.000Z"	0.17391304347826086	0.0625	0	0.008152173913043478	0	0	0	0	0	0.7554347826086957	
"2020-05-16T23:00:00.000Z"	0.20689655172413793	0.0610079575596817	0	0.007957559681697613	0	0	0	0	0	0.7241379310344828	
"2020-05-17T23:00:00.000Z"	0.19506172839506172	0.05185185185185185	0	0.007407407407407407	0	0	0	0	0	0.745679012345679	
"2020-05-18T23:00:00.000Z"	0.21103117505995203	0.05995203836930456	0	0.004796163069544364	0	0	0	0	0	0.7242206235011991	
"2020-05-19T23:00:00.000Z"	0.23039215686274508	0.061274509803921566	0	0.0024509803921568623	0	0	0	0	0	0.7058823529411764	
"2020-05-20T23:00:00.000Z"	0.20909090909090908	0.05227272727272727	0	0.004545454545454545	0	0	0	0	0	0.7340909090909091	
"2020-05-21T23:00:00.000Z"	0.19696969696969696	0.03939393939393939	0	0.00606060606060606	0	0	0	0	0	0.7575757575757576	
"2020-05-22T23:00:00.000Z"	0.17765042979942697	0.03151862464183381	0	0.0028653295128939827	0	0	0	0	0	0.7879656160458453	
"2020-05-23T23:00:00.000Z"	0.16574585635359115	0.04419889502762431	0	0.0027624309392265192	0	0	0	0	0	0.787292817679558	
"2020-05-24T23:00:00.000Z"	0.19437340153452687	0.058823529411764705	0	0.0025575447570332483	0	0	0	0	0	0.7442455242966752	
"2020-05-25T23:00:00.000Z"	0.17571059431524547	0.04909560723514212	0	0.002583979328165375	0	0	0	0	0	0.7726098191214471	
"2020-05-26T23:00:00.000Z"	0.16985645933014354	0.04306220095693781	0	0.0023923444976076554	0	0	0	0	0	0.784688995215311	
"2020-05-27T23:00:00.000Z"	0.15625	0.04326923076923077	0	0	0	0	0	0	0	0.8004807692307692	
"2020-05-28T23:00:00.000Z"	0.15903614457831325	0.04578313253012048	0	0	0	0	0	0	0	0.7951807228915663	
"2020-05-29T23:00:00.000Z"	0.1575	0.045000000000000005	0	0	0	0	0	0	0	0.7975	
"2020-05-30T23:00:00.000Z"	0.1384180790960452	0.04519774011299435	0	0	0	0	0	0	0	0.8163841807909604	
"2020-05-31T23:00:00.000Z"	0.12068965517241378	0.05172413793103448	0	0	0	0	0	0	0	0.8275862068965517	
"2020-06-01T23:00:00.000Z"	0.13432835820895525	0.06343283582089553	0	0	0	0	0	0	0	0.8022388059701493	
"2020-06-02T23:00:00.000Z"	0.12653061224489798	0.07346938775510205	0	0	0	0	0	0	0	0.8	
"2020-06-03T23:00:00.000Z"	0.1187214611872146	0.0958904109589041	0	0	0	0	0	0	0	0.7853881278538812	
"2020-06-04T23:00:00.000Z"	0.10833333333333334	0.12083333333333335	0	0	0	0	0	0	0	0.7708333333333333	
"2020-06-05T23:00:00.000Z"	0.1210762331838565	0.13004484304932737	0	0	0	0	0	0	0	0.7488789237668162	
"2020-06-06T23:00:00.000Z"	0.1210762331838565	0.1210762331838565	0	0	0	0	0	0	0	0.757847533632287	
"2020-06-07T23:00:00.000Z"	0.102880658436214	0.102880658436214	0	0	0	0	0	0	0	0.7942386831275721	
"2020-06-08T23:00:00.000Z"	0.08979591836734693	0.10612244897959185	0	0	0	0	0	0	0	0.8040816326530612	
"2020-06-09T23:00:00.000Z"	0.09504132231404959	0.14462809917355374	0	0	0	0	0	0	0	0.7603305785123967	
"2020-06-10T23:00:00.000Z"	0.12452830188679244	0.12075471698113206	0	0	0	0	0	0	0	0.7547169811320754	
"2020-06-11T23:00:00.000Z"	0.1384083044982699	0.06920415224913495	0	0	0	0	0	0	0	0.7923875432525952	
"2020-06-12T23:00:00.000Z"	0.15359477124183007	0.06535947712418301	0	0	0	0	0	0	0	0.7810457516339869	
"2020-06-13T23:00:00.000Z"	0.15359477124183007	0.06209150326797386	0	0	0	0	0	0	0	0.7843137254901961	
"2020-06-14T23:00:00.000Z"	0.14516129032258066	0.08266129032258064	0	0	0	0	0	0	0	0.7721774193548386	
"2020-06-15T23:00:00.000Z"	0.13861386138613863	0.07722772277227723	0	0	0	0	0	0	0	0.7841584158415842	
"2020-06-16T23:00:00.000Z"	0.1314387211367673	0.055062166962699825	0	0	0	0	0	0	0	0.8134991119005328	
"2020-06-17T23:00:00.000Z"	0.12271973466003316	0.05970149253731344	0	0	0	0	0	0	0	0.8175787728026535	
"2020-06-18T23:00:00.000Z"	0.11033274956217164	0.07180385288966724	0	0	0	0	0	0	0	0.8178633975481611	
"2020-06-19T23:00:00.000Z"	0.09306260575296108	0.07952622673434856	0	0	0	0	0	0	0	0.8274111675126904	
"2020-06-20T23:00:00.000Z"	0.09306260575296108	0.08460236886632826	0	0	0	0	0	0	0	0.8223350253807107	
"2020-06-21T23:00:00.000Z"	0.07086614173228346	0.06561679790026247	0	0	0	0	0	0	0	0.863517060367454	
"2020-06-22T23:00:00.000Z"	0.07627118644067797	0.06779661016949153	0	0	0	0	0	0	0	0.8559322033898306	
"2020-06-23T23:00:00.000Z"	0.06130268199233716	0.0842911877394636	0	0	0	0	0	0	0	0.8544061302681992	
"2020-06-24T23:00:00.000Z"	0.04950495049504951	0.08415841584158415	0	0	0	0	0	0	0	0.8663366336633663	
"2020-06-25T23:00:00.000Z"	0.03954802259887006	0.07344632768361582	0	0	0	0	0	0	0	0.887005649717514	
"2020-06-26T23:00:00.000Z"	0.047999999999999994	0.064	0	0	0	0	0	0	0	0.888	
"2020-06-27T23:00:00.000Z"	0.049999999999999996	0.04166666666666667	0	0	0	0	0	0	0	0.9083333333333333	
"2020-06-28T23:00:00.000Z"	0.09999999999999999	0.03333333333333333	0	0	0	0	0	0	0	0.8666666666666667	
"2020-06-29T23:00:00.000Z"	0.11450381679389313	0.022900763358778622	0	0	0	0	0	0	0	0.8625954198473281	
"2020-06-30T23:00:00.000Z"	0.11486486486486486	0.027027027027027025	0	0	0	0	0	0	0	0.8581081081081081	
"2020-07-01T23:00:00.000Z"	0.11504424778761063	0.02654867256637168	0	0	0	0	0	0	0	0.8584070796460178	
"2020-07-02T23:00:00.000Z"	0.12612612612612611	0.018018018018018018	0	0	0	0	0	0	0	0.8558558558558558	
"2020-07-03T23:00:00.000Z"	0.12658227848101264	0.006329113924050632	0	0	0	0	0	0	0	0.8670886075949367	
"2020-07-04T23:00:00.000Z"	0.12337662337662338	0.006493506493506493	0	0	0	0	0	0	0	0.8701298701298701	
"2020-07-05T23:00:00.000Z"	0.11875000000000001	0.012499999999999999	0	0	0	0	0	0	0	0.86875	
"2020-07-06T23:00:00.000Z"	0.12244897959183675	0.02040816326530612	0	0	0	0	0	0	0	0.8571428571428571	
"2020-07-07T23:00:00.000Z"	0.11111111111111112	0.01388888888888889	0	0	0	0	0	0	0	0.8750000000000001	
"2020-07-08T23:00:00.000Z"	0.1048951048951049	0.013986013986013986	0	0	0	0	0	0	0	0.8811188811188811	
"2020-07-09T23:00:00.000Z"	0.1	0.014285714285714285	0	0	0	0	0	0	0	0.8857142857142858	
"2020-07-10T23:00:00.000Z"	0.08571428571428572	0.019047619047619046	0	0	0	0	0	0	0	0.8952380952380953	
"2020-07-11T23:00:00.000Z"	0.08411214953271029	0.018691588785046728	0	0	0	0	0	0	0	0.897196261682243	
"2020-07-12T23:00:00.000Z"	0.04878048780487805	0.012195121951219513	0	0	0	0	0	0	0	0.9390243902439025	
"2020-07-13T23:00:00.000Z"	0.06338028169014086	0.007042253521126761	0	0	0	0	0	0	0	0.9295774647887325	
"2020-07-14T23:00:00.000Z"	0.07558139534883722	0.06104651162790698	0	0.0029069767441860465	0	0	0	0	0	0.8604651162790699	
"2020-07-15T23:00:00.000Z"	0.07580174927113703	0.061224489795918366	0	0.0029154518950437317	0	0	0	0	0	0.8600583090379009	
"2020-07-16T23:00:00.000Z"	0.07580174927113703	0.061224489795918366	0	0.0029154518950437317	0	0	0	0	0	0.8600583090379009	
"2020-07-17T23:00:00.000Z"	0.08806818181818182	0.0625	0	0.002840909090909091	0	0	0	0	0	0.8465909090909091	
"2020-07-18T23:00:00.000Z"	0.0909090909090909	0.06336088154269971	0	0.002754820936639118	0	0	0	0	0	0.8429752066115702	
"2020-07-19T23:00:00.000Z"	0.09510869565217392	0.0625	0	0.002717391304347826	0	0	0	0	0	0.8396739130434784	
"2020-07-20T23:00:00.000Z"	0.09061488673139159	0.07119741100323625	0	0.003236245954692557	0	0	0	0	0	0.8349514563106796	
"2020-07-21T23:00:00.000Z"	0.09734513274336283	0.02654867256637168	0	0	0	0	0	0	0	0.8761061946902655	
"2020-07-22T23:00:00.000Z"	0.09243697478991597	0.03361344537815126	0	0	0	0	0	0	0	0.8739495798319328	
"2020-07-23T23:00:00.000Z"	0.09375	0.0390625	0	0	0	0	0	0	0	0.8671875000000001	
"2020-07-24T23:00:00.000Z"	0.0608695652173913	0.0608695652173913	0	0	0	0	0	0	0	0.8782608695652173	
"2020-07-25T23:00:00.000Z"	0.04504504504504504	0.06306306306306306	0	0	0	0	0	0	0	0.8918918918918919	
"2020-07-26T23:00:00.000Z"	0.025641025641025637	0.08547008547008547	0	0	0	0	0	0	0	0.8888888888888888	
"2020-07-27T23:00:00.000Z"	0.025641025641025637	0.08547008547008547	0	0	0	0	0	0	0	0.8888888888888888	
"2020-07-28T23:00:00.000Z"	0.04938271604938271	0.07407407407407407	0	0	0	0	0	0	0	0.8765432098765432	
"2020-07-29T23:00:00.000Z"	0.06666666666666667	0.06666666666666667	0	0	0	0	0	0	0	0.8666666666666667	
"2020-07-30T23:00:00.000Z"	0.06451612903225806	0.07096774193548387	0	0	0	0	0	0	0	0.864516129032258	
"2020-07-31T23:00:00.000Z"	0.06214689265536722	0.04519774011299434	0	0	0	0	0	0	0	0.8926553672316384	
"2020-08-01T23:00:00.000Z"	0.05639097744360902	0.03007518796992481	0	0	0	0	0	0	0	0.9135338345864662	
"2020-08-02T23:00:00.000Z"	0.07194244604316546	0.025179856115107913	0	0.003597122302158273	0	0	0	0	0	0.8992805755395683	
"2020-08-03T23:00:00.000Z"	0.08185053380782917	0.03202846975088968	0	0.003558718861209964	0	0	0	0	0	0.8825622775800711	
"2020-08-04T23:00:00.000Z"	0.08154506437768241	0.02575107296137339	0	0.004291845493562232	0	0	0	0	0	0.888412017167382	
"2020-08-05T23:00:00.000Z"	0.07792207792207793	0.025974025974025972	0	0.004329004329004329	0	0	0	0	0	0.8917748917748918	
"2020-08-06T23:00:00.000Z"	0.07692307692307693	0.021367521367521368	0	0.004273504273504273	0	0	0	0	0	0.8974358974358974	
"2020-08-07T23:00:00.000Z"	0.08823529411764705	0.024509803921568627	0	0.0049019607843137246	0	0	0	0	0	0.8823529411764706	
"2020-08-08T23:00:00.000Z"	0.10071942446043165	0.028776978417266185	0	0.007194244604316546	0	0	0	0	0	0.8633093525179856	
"2020-08-09T23:00:00.000Z"	0.06944444444444445	0.04861111111111112	0	0	0	0	0	0	0	0.8819444444444445	
"2020-08-10T23:00:00.000Z"	0.06451612903225806	0.08064516129032258	0	0.005376344086021505	0	0	0	0	0	0.8494623655913979	
"2020-08-11T23:00:00.000Z"	0.09595959595959597	0.0808080808080808	0	0.00505050505050505	0	0	0	0	0	0.8181818181818182	
"2020-08-12T23:00:00.000Z"	0.07727272727272727	0.08636363636363638	0	0.004545454545454545	0	0	0	0	0	0.8318181818181818	
"2020-08-13T23:00:00.000Z"	0.07031250000000001	0.078125	0	0.00390625	0	0	0	0	0	0.84765625	
"2020-08-14T23:00:00.000Z"	0.0794871794871795	0.1	0	0.002564102564102564	0	0	0	0	0	0.817948717948718	
"2020-08-15T23:00:00.000Z"	0.08539944903581269	0.11019283746556474	0	0.0027548209366391185	0	0	0	0	0	0.8016528925619835	
"2020-08-16T23:00:00.000Z"	0.0870870870870871	0.10510510510510511	0	0.003003003003003003	0	0	0	0	0	0.8048048048048048	
"2020-08-17T23:00:00.000Z"	0.08571428571428572	0.08928571428571429	0	0	0	0	0	0	0	0.825	
"2020-08-18T23:00:00.000Z"	0.06545454545454546	0.08727272727272727	0	0	0	0	0	0	0	0.8472727272727273	
"2020-08-19T23:00:00.000Z"	0.07563025210084034	0.08823529411764706	0	0	0	0	0	0	0	0.8361344537815125	
"2020-08-20T23:00:00.000Z"	0.08673469387755102	0.10204081632653061	0	0	0	0	0	0	0	0.8112244897959184	
"2020-08-21T23:00:00.000Z"	0.051724137931034475	0.017241379310344824	0	0	0	0	0	0	0	0.9310344827586207	
"2020-08-22T23:00:00.000Z"	0.05769230769230769	0	0	0	0	0	0	0	0	0.9423076923076923	
"2020-08-23T23:00:00.000Z"	0.05555555555555555	0	0	0	0	0	0	0	0	0.9444444444444444	
"2020-08-24T23:00:00.000Z"	0.07894736842105263	0.013157894736842105	0	0	0	0	0	0	0	0.9078947368421053	
"2020-08-25T23:00:00.000Z"	0.0819672131147541	0.01639344262295082	0	0	0	0	0	0	0	0.9016393442622951	
"2020-08-26T23:00:00.000Z"	0.05555555555555556	0.03333333333333333	0	0	0	0	0	0	0	0.9111111111111111	
"2020-08-27T23:00:00.000Z"	0.0462962962962963	0.03703703703703704	0	0	0	0	0	0	0	0.9166666666666667	
"2020-08-28T23:00:00.000Z"	0.04444444444444444	0.037037037037037035	0	0	0	0	0	0	0	0.9185185185185184	
"2020-08-29T23:00:00.000Z"	0.039999999999999994	0.03333333333333333	0	0	0	0	0	0	0	0.9266666666666666	
"2020-08-30T23:00:00.000Z"	0.05232558139534885	0.03488372093023256	0	0	0	0	0	0	0	0.9127906976744187	
"2020-08-31T23:00:00.000Z"	0.05298013245033112	0.03311258278145695	0	0	0	0	0	0	0	0.9139072847682119	
"2020-09-01T23:00:00.000Z"	0.07514450867052024	0.028901734104046242	0	0	0	0	0	0	0	0.8959537572254335	
"2020-09-02T23:00:00.000Z"	0.1283422459893048	0.0427807486631016	0	0	0	0	0	0	0	0.8288770053475936	
"2020-09-03T23:00:00.000Z"	0.1411764705882353	0.041176470588235294	0	0	0	0	0	0	0	0.8176470588235295	
"2020-09-04T23:00:00.000Z"	0.1527777777777778	0.04861111111111112	0	0	0	0	0	0	0	0.7986111111111112	
"2020-09-05T23:00:00.000Z"	0.16541353383458646	0.05263157894736842	0	0	0	0	0	0	0	0.7819548872180452	
"2020-09-06T23:00:00.000Z"	0.18269230769230768	0.05769230769230769	0	0	0	0	0	0	0	0.7596153846153847	
"2020-09-07T23:00:00.000Z"	0.1532258064516129	0.056451612903225805	0	0	0	0	0	0	0	0.7903225806451613	
"2020-09-08T23:00:00.000Z"	0.10655737704918032	0.07377049180327869	0	0	0	0	0	0	0	0.8196721311475409	
"2020-09-09T23:00:00.000Z"	0.06349206349206349	0.09523809523809523	0	0	0	0	0	0	0	0.8412698412698413	
"2020-09-10T23:00:00.000Z"	0.07272727272727272	0.10909090909090911	0	0	0	0	0	0	0	0.8181818181818182	
"2020-09-11T23:00:00.000Z"	0.07954545454545453	0.10227272727272727	0	0	0	0	0	0	0	0.8181818181818181	
"2020-09-12T23:00:00.000Z"	0.08673469387755102	0.09693877551020409	0	0	0	0	0	0	0	0.8163265306122449	
"2020-09-13T23:00:00.000Z"	0.07929515418502203	0.08370044052863436	0	0	0	0	0	0	0	0.8370044052863436	
"2020-09-14T23:00:00.000Z"	0.0984251968503937	0.11023622047244094	0	0	0	0	0	0	0	0.7913385826771654	
"2020-09-15T23:00:00.000Z"	0.12048192771084337	0.11646586345381528	0	0	0	0	0	0	0	0.7630522088353414	
"2020-09-16T23:00:00.000Z"	0.11255411255411256	0.09956709956709957	0	0	0	0	0	0	0	0.7878787878787878	
"2020-09-17T23:00:00.000Z"	0.1165919282511211	0.08968609865470853	0	0	0	0	0	0	0	0.7937219730941705	
"2020-09-18T23:00:00.000Z"	0.11158798283261803	0.09871244635193133	0	0	0	0	0	0	0	0.7896995708154506	
"2020-09-19T23:00:00.000Z"	0.10526315789473684	0.10087719298245615	0	0	0	0	0	0	0	0.793859649122807	
"2020-09-20T23:00:00.000Z"	0.1111111111111111	0.125	0	0	0	0	0	0	0	0.763888888888889	
"2020-09-21T23:00:00.000Z"	0.08900523560209424	0.11518324607329843	0	0	0	0	0	0	0	0.7958115183246074	
"2020-09-22T23:00:00.000Z"	0.08108108108108109	0.11351351351351352	0	0	0	0	0	0	0	0.8054054054054054	
"2020-09-23T23:00:00.000Z"	0.07262569832402235	0.13966480446927376	0	0	0	0	0	0	0	0.7877094972067039	
"2020-09-24T23:00:00.000Z"	0.06666666666666667	0.14545454545454545	0	0	0	0	0	0	0	0.7878787878787878	
"2020-09-25T23:00:00.000Z"	0.05882352941176472	0.14379084967320263	0	0	0	0	0	0	0	0.7973856209150327	
"2020-09-26T23:00:00.000Z"	0.06338028169014086	0.15492957746478875	0	0	0	0	0	0	0	0.7816901408450705	
"2020-09-27T23:00:00.000Z"	0.056962025316455694	0.15822784810126583	0	0	0	0	0	0	0	0.7848101265822784	
"2020-09-28T23:00:00.000Z"	0.0591715976331361	0.14201183431952663	0	0	0	0	0	0	0	0.7988165680473372	
"2020-09-29T23:00:00.000Z"	0.07017543859649122	0.13450292397660818	0	0	0	0	0	0	0	0.7953216374269005	
"2020-09-30T23:00:00.000Z"	0.09042553191489362	0.1170212765957447	0	0	0	0	0	0	0	0.7925531914893618	
"2020-10-01T23:00:00.000Z"	0.0965909090909091	0.1306818181818182	0	0	0	0	0	0	0	0.7727272727272728	
"2020-10-02T23:00:00.000Z"	0.09139784946236558	0.13440860215053763	0	0	0	0	0	0	0	0.7741935483870968	
"2020-10-03T23:00:00.000Z"	0.08762886597938144	0.13402061855670103	0	0	0	0	0	0	0	0.7783505154639175	
"2020-10-04T23:00:00.000Z"	0.10614525139664804	0.12849162011173182	0	0	0	0	0	0	0	0.7653631284916201	
"2020-10-05T23:00:00.000Z"	0.10119047619047618	0.1488095238095238	0	0	0	0	0	0	0	0.75	
"2020-10-06T23:00:00.000Z"	0.08092485549132948	0.15606936416184972	0	0	0	0	0	0	0	0.7630057803468208	
"2020-10-07T23:00:00.000Z"	0.06707317073170731	0.17682926829268292	0	0	0	0	0	0	0	0.7560975609756098	
"2020-10-08T23:00:00.000Z"	0.052023121387283246	0.161849710982659	0	0	0	0	0	0	0	0.7861271676300579	
"2020-10-09T23:00:00.000Z"	0.06451612903225806	0.16129032258064518	0	0	0	0	0	0	0	0.7741935483870968	
"2020-10-10T23:00:00.000Z"	0.05960264900662253	0.152317880794702	0	0	0	0	0	0	0	0.7880794701986755	
"2020-10-11T23:00:00.000Z"	0.05185185185185186	0.14814814814814817	0	0	0	0	0	0	0	0.8	
"2020-10-12T23:00:00.000Z"	0.047999999999999994	0.128	0	0	0	0	0	0	0	0.824	
"2020-10-13T23:00:00.000Z"	0.038834951456310676	0.13592233009708737	0	0	0	0	0	0	0	0.8252427184466019	
"2020-10-14T23:00:00.000Z"	0.0375	0.0875	0	0	0	0	0	0	0	0.875	
"2020-10-15T23:00:00.000Z"	0.043478260869565216	0.13043478260869565	0	0	0	0	0	0	0	0.826086956521739	
"2020-10-16T23:00:00.000Z"	0.028169014084507043	0.11267605633802817	0	0	0	0	0	0	0	0.8591549295774648	
"2020-10-17T23:00:00.000Z"	0.034482758620689655	0.13793103448275862	0	0	0	0	0	0	0	0.8275862068965518	
"2020-10-18T23:00:00.000Z"	0.017241379310344824	0.12068965517241378	0	0	0	0	0	0	0	0.8620689655172413	
"2020-10-19T23:00:00.000Z"	0.20634920634920637	0.15873015873015872	0	0	0	0	0	0	0	0.6349206349206349	
"2020-10-20T23:00:00.000Z"	0.18446601941747573	0.17475728155339806	0	0	0	0	0	0	0	0.6407766990291262	
"2020-10-21T23:00:00.000Z"	0.1623931623931624	0.26495726495726496	0	0	0	0	0	0	0	0.5726495726495726	
"2020-10-22T23:00:00.000Z"	0.15702479338842976	0.25619834710743805	0	0	0	0	0	0	0	0.5867768595041323	
"2020-10-23T23:00:00.000Z"	0.16806722689075632	0.2689075630252101	0	0	0	0	0	0	0	0.5630252100840336	
"2020-10-24T23:00:00.000Z"	0.18110236220472442	0.25196850393700787	0	0	0	0	0	0	0	0.5669291338582678	
"2020-10-26T00:00:00.000Z"	0.2208588957055215	0.22699386503067484	0	0	0	0	0	0	0	0.5521472392638037	
"2020-10-27T00:00:00.000Z"	0.2	0.1891891891891892	0.03783783783783784	0	0	0	0	0	0	0.572972972972973	
"2020-10-28T00:00:00.000Z"	0.21305841924398627	0.19931271477663234	0.024054982817869417	0	0	0	0	0	0	0.563573883161512	
"2020-10-29T00:00:00.000Z"	0.22738386308068462	0.11735941320293398	0.017114914425427872	0	0	0	0	0	0	0.6381418092909537	
"2020-10-30T00:00:00.000Z"	0.24849699398797595	0.10420841683366733	0.014028056112224447	0	0	0	0	0	0	0.6332665330661322	
"2020-10-31T00:00:00.000Z"	0.24509803921568624	0.0980392156862745	0.011437908496732025	0	0	0	0	0	0	0.6454248366013071	
"2020-11-01T00:00:00.000Z"	0.2174496644295302	0.12080536912751678	0.009395973154362415	0	0	0	0	0	0	0.6523489932885906	
"2020-11-02T00:00:00.000Z"	0.16091954022988503	0.16091954022988503	0.011494252873563216	0	0	0	0	0	0	0.6666666666666666	
"2020-11-03T00:00:00.000Z"	0.02631578947368421	0.2763157894736842	0	0	0	0	0	0	0	0.6973684210526315	
"2020-11-04T00:00:00.000Z"	0.03571428571428571	0.2857142857142857	0	0	0	0	0	0	0	0.6785714285714285	
"2020-11-05T00:00:00.000Z"	0.023809523809523808	0.32142857142857145	0	0	0	0	0	0	0	0.6547619047619048	
"2020-11-06T00:00:00.000Z"	0.02325581395348837	0.3023255813953488	0	0	0	0	0	0	0	0.6744186046511628	
"2020-11-07T00:00:00.000Z"	0.024096385542168672	0.3132530120481928	0	0	0	0	0	0	0	0.6626506024096385	
"2020-11-08T00:00:00.000Z"	0.022471910112359546	0.2808988764044944	0	0	0	0	0	0	0	0.6966292134831461	
"2020-11-09T00:00:00.000Z"	0.021052631578947368	0.3052631578947369	0	0	0	0	0	0	0	0.6736842105263158	
"2020-11-10T00:00:00.000Z"	0.09210526315789473	0.25	0	0	0	0	0	0	0	0.6578947368421053	
"2020-11-11T00:00:00.000Z"	0.10169491525423728	0.22033898305084745	0	0	0	0	0	0	0	0.6779661016949152	
"2020-11-12T00:00:00.000Z"	0.12280701754385966	0.21052631578947367	0	0	0	0	0	0	0	0.6666666666666667	
"2020-11-13T00:00:00.000Z"	0.12068965517241381	0.20689655172413796	0	0	0	0	0	0	0	0.6724137931034483	
"2020-11-14T00:00:00.000Z"	0.109375	0.21875	0	0	0	0	0	0	0	0.6718750000000001	
"2020-11-15T00:00:00.000Z"	0.14285714285714285	0.24489795918367346	0	0	0	0	0	0	0	0.6122448979591837	
"2020-11-16T00:00:00.000Z"	0.175	0.09999999999999999	0	0	0	0	0	0	0	0.7250000000000001	
"2020-11-17T00:00:00.000Z"	0.02222222222222222	0.2	0	0	0	0	0	0	0	0.7777777777777778	
"2020-11-18T00:00:00.000Z"	0.01818181818181818	0.19999999999999998	0	0	0	0	0	0	0	0.7818181818181819	
"2020-11-19T00:00:00.000Z"	0	0.1836734693877551	0	0	0	0	0	0	0	0.8163265306122449	
"2020-11-20T00:00:00.000Z"	0	0.2093023255813954	0	0	0	0	0	0	0	0.7906976744186046	
"2020-11-21T00:00:00.000Z"	0	0.1836734693877551	0	0	0	0	0	0	0	0.8163265306122449	
"2020-11-22T00:00:00.000Z"	0	0.16666666666666669	0	0	0	0	0	0	0	0.8333333333333334	
"2020-11-23T00:00:00.000Z"	0.0547945205479452	0.1780821917808219	0	0	0	0	0	0	0	0.7671232876712328	
"2020-11-24T00:00:00.000Z"	0.08	0.12	0	0	0	0	0	0	0	0.8	
"2020-11-25T00:00:00.000Z"	0.0737704918032787	0.11475409836065575	0	0	0	0	0	0	0	0.8114754098360656	
"2020-11-26T00:00:00.000Z"	0.06802721088435375	0.14285714285714285	0.006802721088435374	0.006802721088435374	0	0	0	0	0	0.7755102040816326	
"2020-11-27T00:00:00.000Z"	0.08938547486033518	0.12290502793296089	0.01675977653631285	0.005586592178770949	0	0	0	0	0	0.7653631284916201	
"2020-11-28T00:00:00.000Z"	0.09289617486338796	0.13114754098360654	0.021857923497267756	0.005464480874316939	0	0	0	0	0	0.7486338797814207	
"2020-11-29T00:00:00.000Z"	0.09326424870466321	0.12953367875647667	0.020725388601036267	0.005181347150259067	0	0	0	0	0	0.7512953367875648	
"2020-11-30T00:00:00.000Z"	0.0808080808080808	0.11111111111111112	0.0202020202020202	0.0101010101010101	0	0	0	0	0	0.7777777777777778	
"2020-12-01T00:00:00.000Z"	0.06896551724137931	0.09852216748768473	0.019704433497536946	0.009852216748768473	0	0	0.034482758620689655	0	0	0.7684729064039408	
"2020-12-02T00:00:00.000Z"	0.09976247030878861	0.08076009501187649	0.028503562945368172	0.009501187648456057	0	0	0.0166270783847981	0	0	0.7648456057007127	
"2020-12-03T00:00:00.000Z"	0.112012987012987	0.07305194805194805	0.02435064935064935	0.004870129870129869	0	0	0.011363636363636362	0	0	0.7743506493506493	
"2020-12-04T00:00:00.000Z"	0.12220916568742657	0.0846063454759107	0.014101057579318448	0.004700352526439483	0	0	0.008225616921269096	0	0	0.7661574618096357	
"2020-12-05T00:00:00.000Z"	0.11463844797178131	0.0617283950617284	0.008818342151675485	0.004409171075837742	0	0	0.01234567901234568	0	0	0.7980599647266314	
"2020-12-06T00:00:00.000Z"	0.1048951048951049	0.07552447552447553	0.00839160839160839	0.004195804195804195	0	0	0.00979020979020979	0	0	0.7972027972027971	
"2020-12-07T00:00:00.000Z"	0.10344827586206898	0.07758620689655174	0.008620689655172414	0	0	0	0.012931034482758622	0	0	0.7974137931034483	
"2020-12-08T00:00:00.000Z"	0.10572687224669602	0.1013215859030837	0.008810572687224669	0	0	0	0.008810572687224669	0	0	0.7753303964757708	
"2020-12-09T00:00:00.000Z"	0.09174311926605505	0.11467889908256881	0	0	0	0	0.009174311926605503	0	0	0.7844036697247706	
"2020-12-10T00:00:00.000Z"	0.07692307692307693	0.11965811965811965	0	0	0	0	0.008547008547008546	0.029914529914529912	0	0.7649572649572649	
"2020-12-11T00:00:00.000Z"	0.04063205417607224	0.11286681715575622	0	0	0	0.03160270880361174	0.009029345372460496	0.01580135440180587	0	0.7900677200902935	
"2020-12-12T00:00:00.000Z"	0.045011252813203305	0.12153038259564891	0	0	0	0.015753938484621154	0.00450112528132033	0.021005251312828207	0	0.7921980495123782	
"2020-12-13T00:00:00.000Z"	0.04786076867295141	0.10442349528643943	0.004350978970268309	0	0	0.01015228426395939	0.004350978970268309	0.015228426395939085	0	0.813633067440174	
"2020-12-14T00:00:00.000Z"	0.04338394793926248	0.10254387694734768	0.003943995267205679	0	0	0.00690199171760994	0	0.011043186748175903	0	0.8321830013803984	
"2020-12-15T00:00:00.000Z"	0.04832029452369995	0.08628624022089278	0.041417395306028525	0	0	0.0048320294523699955	0	0.008053382420616657	0	0.811090658076392	
"2020-12-16T00:00:00.000Z"	0.052950910093767234	0.08273579702151132	0.039713182570325425	0	0	0.003861003861003861	0	0.006618863761720904	0	0.8141202426916714	
"2020-12-17T00:00:00.000Z"	0.07076923076923076	0.07076923076923076	0.04615384615384615	0	0	0.0030769230769230765	0.0030769230769230765	0.0030769230769230765	0	0.803076923076923	
"2020-12-18T00:00:00.000Z"	0.07250755287009063	0.08459214501510574	0.045317220543806644	0	0	0	0.006042296072507553	0.0030211480362537764	0	0.7885196374622356	
"2020-12-19T00:00:00.000Z"	0.07621951219512196	0.08231707317073171	0.04573170731707317	0	0	0	0.009146341463414634	0	0	0.7865853658536586	
"2020-12-20T00:00:00.000Z"	0.08064516129032258	0.08709677419354837	0.045161290322580636	0	0	0	0.009677419354838708	0	0	0.7774193548387096	
"2020-12-21T00:00:00.000Z"	0.09523809523809523	0.09183673469387756	0.047619047619047616	0	0	0	0.01020408163265306	0	0	0.7551020408163266	
"2020-12-22T00:00:00.000Z"	0.09375000000000001	0.09722222222222224	0.03819444444444445	0	0	0	0.010416666666666668	0	0	0.7604166666666667	
"2020-12-23T00:00:00.000Z"	0.07553956834532374	0.1079136690647482	0.05755395683453237	0	0	0	0.010791366906474819	0	0	0.7482014388489209	
"2020-12-24T00:00:00.000Z"	0.048872180451127824	0.10902255639097745	0.11278195488721804	0	0	0	0.007518796992481203	0	0	0.7218045112781954	
"2020-12-25T00:00:00.000Z"	0.04946996466431095	0.08480565371024734	0.13780918727915192	0	0	0	0.007067137809187278	0	0	0.7208480565371024	
"2020-12-26T00:00:00.000Z"	0.04745762711864407	0.1016949152542373	0.16271186440677968	0	0	0	0.0033898305084745766	0	0	0.6847457627118645	
"2020-12-27T00:00:00.000Z"	0.047619047619047616	0.10884353741496598	0.18027210884353742	0	0	0	0.003401360544217687	0	0	0.6598639455782314	
"2020-12-28T00:00:00.000Z"	0.034482758620689655	0.1	0.196551724137931	0	0	0	0.003448275862068965	0	0	0.6655172413793103	
"2020-12-29T00:00:00.000Z"	0.028925619834710745	0.09504132231404959	0.20247933884297523	0	0	0	0.004132231404958678	0	0	0.6694214876033058	
"2020-12-30T00:00:00.000Z"	0.02904564315352697	0.08713692946058091	0.1991701244813278	0	0.05809128630705394	0	0.004149377593360995	0	0	0.6224066390041493	
"2020-12-31T00:00:00.000Z"	0.03482587064676617	0.07960199004975124	0.1691542288557214	0.004975124378109453	0.03482587064676617	0	0.004975124378109453	0	0	0.6716417910447762	
"2021-01-01T00:00:00.000Z"	0.03339517625231911	0.10018552875695733	0.1391465677179963	0.005565862708719851	0.025974025974025972	0	0	0	0	0.6957328385899815	
"2021-01-02T00:00:00.000Z"	0.02476780185758514	0.09287925696594428	0.10526315789473684	0.006191950464396285	0.021671826625386997	0	0	0	0	0.7492260061919505	
"2021-01-03T00:00:00.000Z"	0.01913265306122449	0.08928571428571429	0.07653061224489796	0.006377551020408163	0.01785714285714286	0	0.025510204081632654	0	0	0.7653061224489797	
"2021-01-04T00:00:00.000Z"	0.02696629213483146	0.09438202247191012	0.06067415730337079	0.006741573033707865	0.015730337078651686	0	0.02696629213483146	0	0	0.7685393258426966	
"2021-01-05T00:00:00.000Z"	0.040540540540540536	0.11486486486486486	0.060810810810810814	0.006756756756756756	0.013513513513513513	0	0.033783783783783786	0	0	0.7297297297297297	
"2021-01-06T00:00:00.000Z"	0.06993006993006992	0.11188811188811187	0.04195804195804195	0.006993006993006992	0	0	0.04195804195804195	0	0	0.7272727272727272	
"2021-01-07T00:00:00.000Z"	0.07801418439716312	0.12056737588652482	0.028368794326241134	0	0	0	0.04964539007092199	0	0	0.723404255319149	
"2021-01-08T00:00:00.000Z"	0.08333333333333334	0.14166666666666666	0.03333333333333333	0	0	0	0.058333333333333334	0	0	0.6833333333333333	
"2021-01-09T00:00:00.000Z"	0.08695652173913043	0.16521739130434782	0.03478260869565217	0	0	0	0.06956521739130433	0	0	0.6434782608695652	
"2021-01-10T00:00:00.000Z"	0.09649122807017545	0.14912280701754385	0.03508771929824561	0	0	0	0.03508771929824561	0	0	0.6842105263157895	
"2021-01-11T00:00:00.000Z"	0.0813008130081301	0.17073170731707318	0.04878048780487805	0	0	0	0.032520325203252036	0	0	0.6666666666666667	
"2021-01-12T00:00:00.000Z"	0.10126582278481011	0.15822784810126583	0.04430379746835443	0	0	0	0.018987341772151896	0	0	0.6772151898734177	
"2021-01-13T00:00:00.000Z"	0.10179640718562875	0.16766467065868265	0.035928143712574856	0	0	0	0.011976047904191617	0	0	0.6826347305389222	
"2021-01-14T00:00:00.000Z"	0.09497206703910613	0.16759776536312848	0.03910614525139665	0	0	0	0.005586592178770949	0	0	0.6927374301675978	
"2021-01-15T00:00:00.000Z"	0.1116504854368932	0.15048543689320387	0.04854368932038835	0	0	0	0.009708737864077669	0	0	0.6796116504854368	
"2021-01-16T00:00:00.000Z"	0.14418604651162792	0.14883720930232558	0.046511627906976744	0	0	0	0.004651162790697674	0	0	0.655813953488372	
"2021-01-17T00:00:00.000Z"	0.15765765765765766	0.15765765765765766	0.05405405405405405	0	0	0	0.0045045045045045045	0	0	0.6261261261261262	
"2021-01-18T00:00:00.000Z"	0.16379310344827588	0.15086206896551727	0.060344827586206906	0	0	0	0.008620689655172414	0	0	0.6163793103448276	
"2021-01-19T00:00:00.000Z"	0.1605504587155963	0.15596330275229356	0.08715596330275228	0	0	0	0.013761467889908254	0	0	0.5825688073394495	
"2021-01-20T00:00:00.000Z"	0.16371681415929204	0.14601769911504425	0.11061946902654868	0	0	0	0.01327433628318584	0	0	0.5663716814159292	
"2021-01-21T00:00:00.000Z"	0.16591928251121074	0.16143497757847533	0.10313901345291478	0	0	0	0.013452914798206275	0	0	0.5560538116591928	
"2021-01-22T00:00:00.000Z"	0.15596330275229356	0.1743119266055046	0.11467889908256881	0	0	0	0.009174311926605503	0	0	0.5458715596330276	
"2021-01-23T00:00:00.000Z"	0.12980769230769232	0.15865384615384615	0.1201923076923077	0	0	0	0.009615384615384614	0	0	0.5817307692307692	
"2021-01-24T00:00:00.000Z"	0.11458333333333333	0.15624999999999997	0.11979166666666666	0	0	0	0.010416666666666666	0	0	0.5989583333333333	
"2021-01-25T00:00:00.000Z"	0.12643678160919541	0.1724137931034483	0.10344827586206899	0	0	0	0.00574712643678161	0	0	0.5919540229885057	
"2021-01-26T00:00:00.000Z"	0.11842105263157895	0.17105263157894737	0.08552631578947369	0	0	0	0	0	0	0.625	
"2021-01-27T00:00:00.000Z"	0.08148148148148149	0.2	0.07407407407407408	0	0	0	0	0	0	0.6444444444444445	
"2021-01-28T00:00:00.000Z"	0.0909090909090909	0.17424242424242423	0.07575757575757576	0	0	0	0	0	0	0.6590909090909091	
"2021-01-29T00:00:00.000Z"	0.09322033898305085	0.1610169491525424	0.0423728813559322	0	0	0	0.00847457627118644	0	0	0.6949152542372881	
"2021-01-30T00:00:00.000Z"	0.08547008547008547	0.1794871794871795	0.034188034188034185	0	0	0	0.042735042735042736	0	0	0.6581196581196581	
"2021-01-31T00:00:00.000Z"	0.0813008130081301	0.17073170731707318	0.04065040650406505	0	0	0	0.04065040650406505	0	0	0.6666666666666667	
"2021-02-01T00:00:00.000Z"	0.07086614173228348	0.14173228346456695	0.047244094488188976	0	0	0	0.03937007874015748	0	0	0.7007874015748031	
"2021-02-02T00:00:00.000Z"	0.06944444444444445	0.11805555555555555	0.034722222222222224	0	0.034722222222222224	0	0.11111111111111112	0	0	0.6319444444444445	
"2021-02-03T00:00:00.000Z"	0.11428571428571428	0.08095238095238094	0.019047619047619046	0	0.02380952380952381	0	0.10476190476190476	0	0	0.6571428571428571	
"2021-02-04T00:00:00.000Z"	0.11353711790393013	0.08733624454148471	0.048034934497816595	0.004366812227074236	0.021834061135371178	0	0.10480349344978165	0.017467248908296942	0	0.6026200873362445	
"2021-02-05T00:00:00.000Z"	0.12000000000000002	0.09333333333333335	0.04888888888888889	0.0044444444444444444	0.022222222222222227	0	0.10222222222222223	0.017777777777777778	0	0.5911111111111111	
"2021-02-06T00:00:00.000Z"	0.12371134020618559	0.07560137457044674	0.051546391752577324	0.003436426116838488	0.01718213058419244	0	0.07560137457044674	0.01718213058419244	0	0.6357388316151202	
"2021-02-07T00:00:00.000Z"	0.12286689419795221	0.0750853242320819	0.0477815699658703	0.00341296928327645	0.01706484641638225	0	0.0819112627986348	0.01706484641638225	0	0.6348122866894198	
"2021-02-08T00:00:00.000Z"	0.12000000000000002	0.08	0.06000000000000001	0.0033333333333333335	0.01666666666666667	0	0.08666666666666667	0.01666666666666667	0	0.6166666666666667	
"2021-02-09T00:00:00.000Z"	0.12587412587412586	0.0804195804195804	0.06993006993006992	0.003496503496503496	0	0	0.05244755244755244	0.01748251748251748	0	0.6503496503496503	
"2021-02-10T00:00:00.000Z"	0.12334801762114536	0.09251101321585903	0.09251101321585903	0.008810572687224669	0	0	0.04405286343612334	0.02202643171806167	0	0.6167400881057268	
"2021-02-11T00:00:00.000Z"	0.11952191235059759	0.11952191235059759	0.06772908366533863	0.003984063745019919	0	0	0.05577689243027888	0.003984063745019919	0	0.6294820717131474	
"2021-02-12T00:00:00.000Z"	0.10606060606060608	0.10984848484848488	0.07196969696969699	0.0037878787878787884	0	0	0.08333333333333334	0.0037878787878787884	0	0.6212121212121213	
"2021-02-13T00:00:00.000Z"	0.07883817427385892	0.11618257261410787	0.06639004149377592	0.004149377593360995	0	0	0.1037344398340249	0	0.08713692946058091	0.5435684647302904	
"2021-02-14T00:00:00.000Z"	0.07569721115537847	0.12350597609561752	0.06374501992031871	0.007968127490039839	0	0	0.11155378486055775	0	0.08366533864541832	0.5338645418326693	
"2021-02-15T00:00:00.000Z"	0.09287925696594428	0.09520123839009288	0.09752321981424149	0.006965944272445821	0.009287925696594427	0.0046439628482972135	0.17414860681114552	0	0.05959752321981424	0.4597523219814242	
"2021-02-16T00:00:00.000Z"	0.07622868605817452	0.0802407221664995	0.09227683049147441	0.006018054162487461	0.008024072216649948	0.004012036108324974	0.22467402206619858	0	0.09127382146439317	0.4172517552657974	
"2021-02-17T00:00:00.000Z"	0.07109915449654113	0.08070714834742505	0.08647194465795542	0.005764796310530361	0.007686395080707148	0.003843197540353574	0.24596464258262873	0	0.06994619523443506	0.42851652574942356	
"2021-02-18T00:00:00.000Z"	0.06332453825857519	0.05738786279683378	0.09102902374670184	0.007915567282321899	0.007915567282321899	0.003957783641160949	0.26912928759894456	0.0019788918205804746	0.060026385224274406	0.437335092348285	
"2021-02-19T00:00:00.000Z"	0.062256809338521395	0.054474708171206226	0.10116731517509728	0.009727626459143969	0.009727626459143969	0.003891050583657587	0.25486381322957197	0.0058365758754863805	0.05058365758754864	0.44747081712062253	
"2021-02-20T00:00:00.000Z"	0.05585585585585587	0.04504504504504505	0.12612612612612614	0.010810810810810811	0.010810810810810811	0.0036036036036036037	0.24144144144144147	0.005405405405405406	0.04144144144144144	0.45945945945945954	
"2021-02-21T00:00:00.000Z"	0.06060606060606061	0.0427807486631016	0.1265597147950089	0.008912655971479501	0.012477718360071301	0.0035650623885918	0.23529411764705885	0.0053475935828877	0.035650623885918005	0.46880570409982175	
"2021-02-22T00:00:00.000Z"	0.041666666666666664	0.0392156862745098	0.10539215686274511	0.012254901960784314	0.007352941176470588	0	0.23284313725490197	0.007352941176470588	0.03676470588235294	0.5171568627450981	
"2021-02-23T00:00:00.000Z"	0.04738154613466334	0.04738154613466334	0.11471321695760597	0.012468827930174562	0.012468827930174562	0	0.2144638403990025	0.007481296758104737	0	0.5436408977556109	
"2021-02-24T00:00:00.000Z"	0.04275534441805226	0.04750593824228029	0.13539192399049882	0.009501187648456057	0.011876484560570073	0	0.20190023752969122	0.007125890736342043	0	0.5439429928741093	
"2021-02-25T00:00:00.000Z"	0.04651162790697675	0.053488372093023255	0.14418604651162792	0.009302325581395349	0.011627906976744188	0	0.2302325581395349	0.0069767441860465115	0.002325581395348837	0.49534883720930234	
"2021-02-26T00:00:00.000Z"	0.044806517311608965	0.04684317718940937	0.1384928716904277	0.008146639511201629	0.012219959266802444	0	0.2892057026476578	0.002036659877800407	0.002036659877800407	0.45621181262729127	
"2021-02-27T00:00:00.000Z"	0.05696202531645569	0.050632911392405056	0.11392405063291138	0.006329113924050632	0.010548523206751054	0	0.3312236286919831	0.006329113924050632	0.006329113924050632	0.4177215189873417	
"2021-02-28T00:00:00.000Z"	0.05327868852459016	0.047131147540983596	0.13114754098360654	0.006147540983606556	0.008196721311475409	0	0.3401639344262295	0.008196721311475409	0.006147540983606556	0.3995901639344262	
"2021-03-01T00:00:00.000Z"	0.046747967479674794	0.036585365853658534	0.14430894308943087	0.004065040650406504	0.012195121951219511	0	0.34959349593495936	0.01016260162601626	0.0060975609756097554	0.39024390243902435	
"2021-03-02T00:00:00.000Z"	0.05030181086519115	0.04225352112676056	0.1448692152917505	0.006036217303822937	0.016096579476861165	0.0020120724346076456	0.3118712273641851	0.01006036217303823	0.014084507042253521	0.4024144869215292	
"2021-03-03T00:00:00.000Z"	0.057259713701431486	0.047034764826175864	0.13087934560327197	0.008179959100204498	0.020449897750511245	0.004089979550102249	0.3169734151329243	0.010224948875255623	0.018404907975460124	0.38650306748466257	
"2021-03-04T00:00:00.000Z"	0.06284658040665433	0.038817005545286505	0.1386321626617375	0.0055452865064695	0.02587800369685767	0.003696857670979667	0.27171903881700554	0.033271719038817	0.014787430683918667	0.40480591497227353	
"2021-03-05T00:00:00.000Z"	0.10830324909747292	0.036101083032490974	0.12996389891696752	0.0036101083032490976	0.021660649819494584	0.005415162454873646	0.24187725631768953	0.03249097472924188	0.019855595667870037	0.40072202166064985	
"2021-03-06T00:00:00.000Z"	0.11032028469750892	0.04092526690391459	0.1316725978647687	0.0035587188612099647	0.021352313167259787	0.005338078291814947	0.2562277580071175	0.03736654804270463	0.019572953736654807	0.3736654804270463	
"2021-03-07T00:00:00.000Z"	0.1265164644714038	0.03986135181975736	0.1195840554592721	0.005199306759098786	0.024263431542461005	0.005199306759098786	0.2616984402079723	0.036395147313691506	0.020797227036395145	0.36048526863084923	
"2021-03-08T00:00:00.000Z"	0.12643678160919541	0.03940886699507389	0.11330049261083744	0.009852216748768473	0.02463054187192118	0.006568144499178982	0.2660098522167488	0.04433497536945813	0.021346469622331693	0.348111658456486	
"2021-03-09T00:00:00.000Z"	0.12186978297161938	0.0317195325542571	0.1268781302170284	0.01001669449081803	0.02337228714524207	0.005008347245409015	0.2938230383973289	0.04674457429048414	0.015025041736227046	0.325542570951586	
"2021-03-10T00:00:00.000Z"	0.12991452991452992	0.02735042735042735	0.147008547008547	0.008547008547008548	0.029059829059829057	0.003418803418803419	0.2905982905982906	0.04786324786324787	0.011965811965811967	0.30427350427350425	
"2021-03-11T00:00:00.000Z"	0.13438735177865613	0.02964426877470356	0.1383399209486166	0.011857707509881424	0.025691699604743087	0.003952569169960475	0.3241106719367589	0.041501976284584984	0.013833992094861662	0.2766798418972332	
"2021-03-12T00:00:00.000Z"	0.09111617312072894	0.041002277904328026	0.16173120728929385	0.018223234624145785	0.029612756264236907	0.002277904328018223	0.33257403189066065	0.05239179954441914	0.009111617312072893	0.2619589977220957	
"2021-03-13T00:00:00.000Z"	0.09558823529411763	0.036764705882352935	0.17401960784313722	0.019607843137254898	0.036764705882352935	0.0024509803921568623	0.31372549019607837	0.049019607843137254	0.012254901960784314	0.2598039215686274	
"2021-03-14T00:00:00.000Z"	0.07466666666666667	0.048000000000000015	0.18133333333333335	0.018666666666666668	0.03466666666666667	0.002666666666666667	0.3173333333333334	0.053333333333333344	0.016	0.25333333333333335	
"2021-03-15T00:00:00.000Z"	0.07216494845360825	0.05670103092783506	0.2190721649484536	0.010309278350515464	0.033505154639175264	0.005154639175257732	0.2912371134020619	0.08247422680412371	0.020618556701030927	0.20876288659793815	
"2021-03-16T00:00:00.000Z"	0.11282051282051282	0.05641025641025641	0.1923076923076923	0.01282051282051282	0.03333333333333333	0.010256410256410256	0.28205128205128205	0.08717948717948718	0.020512820512820513	0.1923076923076923	
"2021-03-17T00:00:00.000Z"	0.08762886597938144	0.04896907216494845	0.17268041237113402	0.015463917525773195	0.02577319587628866	0.01288659793814433	0.3092783505154639	0.09536082474226804	0.020618556701030927	0.21134020618556698	
"2021-03-18T00:00:00.000Z"	0.09420289855072464	0.04830917874396136	0.16666666666666669	0.01207729468599034	0.026570048309178744	0.016908212560386476	0.31884057971014496	0.09420289855072464	0.02173913043478261	0.20048309178743964	
"2021-03-19T00:00:00.000Z"	0.11724137931034483	0.041379310344827586	0.14942528735632185	0.009195402298850575	0.0367816091954023	0.016091954022988506	0.31494252873563217	0.09195402298850575	0.020689655172413793	0.20229885057471264	
"2021-03-20T00:00:00.000Z"	0.10816777041942606	0.03532008830022075	0.1589403973509934	0.008830022075055188	0.03090507726269316	0.019867549668874177	0.33333333333333337	0.09271523178807949	0.01545253863134658	0.19646799116997793	
"2021-03-21T00:00:00.000Z"	0.10141987829614604	0.02231237322515213	0.1744421906693712	0.012170385395537525	0.032454361054766734	0.018255578093306288	0.3265720081135903	0.12373225152129816	0.010141987829614604	0.17849898580121704	
"2021-03-22T00:00:00.000Z"	0.10441767068273092	0.018072289156626505	0.14457831325301204	0.018072289156626505	0.0321285140562249	0.018072289156626505	0.37349397590361444	0.09638554216867468	0.008032128514056224	0.18674698795180722	
"2021-03-23T00:00:00.000Z"	0.07789473684210525	0.018947368421052633	0.1431578947368421	0.014736842105263158	0.03157894736842105	0.014736842105263158	0.39999999999999997	0.10736842105263157	0.012631578947368419	0.1789473684210526	
"2021-03-24T00:00:00.000Z"	0.11188811188811189	0.026223776223776224	0.1486013986013986	0.012237762237762238	0.03146853146853147	0.015734265734265736	0.35664335664335667	0.1048951048951049	0.013986013986013986	0.17832167832167833	
"2021-03-25T00:00:00.000Z"	0.12457337883959045	0.02559726962457338	0.1552901023890785	0.013651877133105802	0.02901023890784983	0.013651877133105802	0.3447098976109215	0.1075085324232082	0.011945392491467578	0.17406143344709898	
"2021-03-26T00:00:00.000Z"	0.12779552715654952	0.03514376996805112	0.1501597444089457	0.012779552715654952	0.022364217252396165	0.01757188498402556	0.36102236421725237	0.10383386581469649	0.014376996805111822	0.1549520766773163	
"2021-03-27T00:00:00.000Z"	0.12887438825448613	0.037520391517128875	0.15497553017944535	0.016313213703099513	0.024469820554649267	0.014681892332789562	0.3539967373572594	0.10766721044045678	0.013050570962479607	0.14845024469820556	
"2021-03-28T00:00:00.000Z"	0.1335676625659051	0.0421792618629174	0.14411247803163446	0.0140597539543058	0.022847100175746926	0.01757469244288225	0.3585237258347979	0.09314586994727593	0.0140597539543058	0.15992970123022848	
"2021-03-28T23:00:00.000Z"	0.137524557956778	0.043222003929273084	0.1394891944990177	0.00982318271119843	0.01964636542239686	0.015717092337917484	0.3595284872298625	0.1100196463654224	0.011787819253438114	0.1532416502946955	
"2021-03-29T23:00:00.000Z"	0.13671875	0.041015625	0.14843750000000003	0.017578125000000003	0.015625	0.015625	0.345703125	0.12109375000000001	0.0078125	0.150390625	
"2021-03-30T23:00:00.000Z"	0.12499999999999999	0.03863636363636363	0.13181818181818183	0.022727272727272728	0.00909090909090909	0.031818181818181815	0.375	0.16136363636363635	0.006818181818181817	0.09772727272727273	
"2021-03-31T23:00:00.000Z"	0.09955752212389381	0.037610619469026545	0.14601769911504425	0.024336283185840708	0.011061946902654867	0.030973451327433628	0.3672566371681416	0.1836283185840708	0.00663716814159292	0.09292035398230089	
"2021-04-01T23:00:00.000Z"	0.07	0.0275	0.16	0.0275	0.0125	0.0275	0.3175	0.24	0.005	0.11250000000000002	
"2021-04-02T23:00:00.000Z"	0.07021791767554479	0.026634382566585953	0.15254237288135591	0.026634382566585953	0.009685230024213074	0.026634382566585953	0.3002421307506053	0.261501210653753	0.004842615012106537	0.12106537530266342	
"2021-04-03T23:00:00.000Z"	0.08333333333333334	0.023148148148148147	0.14583333333333334	0.027777777777777776	0.009259259259259259	0.023148148148148147	0.30092592592592593	0.2569444444444445	0.004629629629629629	0.125	
"2021-04-04T23:00:00.000Z"	0.07740585774058578	0.029288702928870296	0.16945606694560672	0.025104602510460254	0.008368200836820085	0.020920502092050212	0.28451882845188287	0.2677824267782427	0.004184100418410042	0.11297071129707115	
"2021-04-05T23:00:00.000Z"	0.09041591320072333	0.039783001808318265	0.16636528028933092	0.014466546112115732	0.0108499095840868	0.023508137432188065	0.26763110307414106	0.2730560578661845	0.0108499095840868	0.10307414104882459	
"2021-04-06T23:00:00.000Z"	0.07279029462738301	0.036395147313691506	0.1733102253032929	0.010398613518197573	0.010398613518197573	0.006932409012131715	0.2720970537261698	0.29982668977469673	0.012131715771230503	0.10571923743500865	
"2021-04-07T23:00:00.000Z"	0.07768924302788843	0.0398406374501992	0.16533864541832669	0.007968127490039839	0.0099601593625498	0.007968127490039839	0.26693227091633465	0.300796812749004	0.01394422310756972	0.1095617529880478	
"2021-04-08T23:00:00.000Z"	0.08369098712446352	0.03862660944206009	0.16523605150214593	0.006437768240343348	0.008583690987124463	0.01072961373390558	0.2811158798283262	0.30257510729613735	0.012875536480686695	0.09012875536480687	
"2021-04-09T23:00:00.000Z"	0.07936507936507937	0.03854875283446712	0.14965986394557826	0.011337868480725625	0.009070294784580499	0.011337868480725625	0.2585034013605442	0.35147392290249435	0.01360544217687075	0.07709750566893424	
"2021-04-10T23:00:00.000Z"	0.06746987951807229	0.04096385542168674	0.1493975903614458	0.012048192771084338	0.009638554216867469	0.02650602409638554	0.25542168674698795	0.3614457831325301	0.014457831325301203	0.06265060240963856	
"2021-04-11T23:00:00.000Z"	0.13202933985330073	0.06601466992665037	0.10757946210268948	0.014669926650366746	0.017114914425427872	0.058679706601466985	0.21515892420537897	0.32029339853300737	0.014669926650366746	0.05378973105134474	
"2021-04-12T23:00:00.000Z"	0.13448275862068967	0.07241379310344828	0.09310344827586209	0.020689655172413793	0.01724137931034483	0.07241379310344828	0.1931034482758621	0.34482758620689663	0.006896551724137932	0.04482758620689656	
"2021-04-13T23:00:00.000Z"	0.1794871794871795	0.09230769230769231	0.07179487179487179	0.030769230769230767	0.020512820512820513	0.10769230769230768	0.12820512820512822	0.3282051282051282	0	0.041025641025641026	
"2021-04-14T23:00:00.000Z"	0.15068493150684933	0.07534246575342467	0.07534246575342467	0.020547945205479454	0.013698630136986302	0.07191780821917809	0.13356164383561644	0.41438356164383566	0	0.04452054794520549	
"2021-04-15T23:00:00.000Z"	0.1494661921708185	0.07829181494661921	0.06761565836298933	0.021352313167259784	0.010676156583629892	0.07117437722419928	0.13523131672597866	0.41637010676156583	0	0.0498220640569395	
"2021-04-16T23:00:00.000Z"	0.15808823529411767	0.08088235294117647	0.0625	0.007352941176470588	0.011029411764705883	0.07720588235294118	0.14705882352941177	0.40441176470588236	0	0.05147058823529412	
"2021-04-17T23:00:00.000Z"	0.1335149863760218	0.05994550408719346	0.05449591280653951	0.005449591280653951	0.008174386920980926	0.04087193460490463	0.11716621253405995	0.5340599455040872	0	0.04632152588555858	
"2021-04-18T23:00:00.000Z"	0.06291390728476821	0.02317880794701987	0.06291390728476821	0.0033112582781456954	0.0033112582781456954	0.006622516556291391	0.10264900662251657	0.685430463576159	0.006622516556291391	0.043046357615894044	
"2021-04-19T23:00:00.000Z"	0.06645569620253164	0.01582278481012658	0.053797468354430375	0.006329113924050632	0	0.006329113924050632	0.0981012658227848	0.7056962025316456	0.006329113924050632	0.04113924050632911	
"2021-04-20T23:00:00.000Z"	0.06990881458966566	0.015197568389057753	0.04863221884498481	0.006079027355623101	0	0.006079027355623101	0.09726443768996962	0.7082066869300913	0.006079027355623101	0.04255319148936171	
"2021-04-21T23:00:00.000Z"	0.057613168724279844	0	0.020576131687242802	0.00823045267489712	0	0.00411522633744856	0.06584362139917696	0.8065843621399178	0.00823045267489712	0.028806584362139922	
"2021-04-22T23:00:00.000Z"	0.04961832061068703	0	0.01908396946564886	0.0076335877862595426	0	0.0038167938931297713	0.05725190839694657	0.801526717557252	0.011450381679389315	0.04961832061068703	
"2021-04-23T23:00:00.000Z"	0.06274509803921569	0	0.01568627450980392	0.00784313725490196	0	0.00392156862745098	0.050980392156862744	0.788235294117647	0.01176470588235294	0.0588235294117647	
"2021-04-24T23:00:00.000Z"	0.06578947368421052	0	0.013157894736842105	0.006578947368421052	0	0.006578947368421052	0.03289473684210526	0.7631578947368421	0.019736842105263157	0.09210526315789473	
"2021-04-25T23:00:00.000Z"	0.0759493670886076	0.006329113924050633	0	0.006329113924050633	0	0.006329113924050633	0.05063291139240506	0.7531645569620253	0.012658227848101266	0.08860759493670887	
"2021-04-26T23:00:00.000Z"	0.07042253521126761	0.007042253521126761	0	0	0	0.007042253521126761	0.056338028169014086	0.7605633802816902	0	0.09859154929577466	
"2021-04-27T23:00:00.000Z"	0.06299212598425197	0.007874015748031496	0	0	0	0.007874015748031496	0.05511811023622047	0.7637795275590552	0	0.10236220472440946	
"2021-04-28T23:00:00.000Z"	0.06617647058823531	0.03676470588235294	0	0	0	0.014705882352941176	0.058823529411764705	0.7205882352941178	0	0.10294117647058824	
"2021-04-29T23:00:00.000Z"	0.08737864077669903	0	0	0	0	0	0	0.8543689320388349	0	0.058252427184466014	
"2021-04-30T23:00:00.000Z"	0.05681818181818183	0	0	0	0	0	0	0.8863636363636365	0	0.05681818181818183	
"2021-05-01T23:00:00.000Z"	0.06024096385542169	0	0	0	0	0	0	0.9036144578313253	0	0.03614457831325301	
"2021-05-02T23:00:00.000Z"	0.04477611940298507	0	0	0	0	0	0	0.8955223880597015	0	0.05970149253731343	
"2021-05-03T23:00:00.000Z"	0.0625	0	0	0.015625	0	0	0	0.9218750000000001	0	0	
"2021-05-04T23:00:00.000Z"	0	0	0	0	0	0	0	1	0	0	
"2021-05-05T23:00:00.000Z"	0	0	0	0	0	0	0	1	0	0	
"2021-05-06T23:00:00.000Z"	0	0	0	0	0	0	0	1	0	0	
